key,type,summary,description,parent,priority,points,sprint,hat,status,issue
EXP-1,Epic,Setup and DevOps,Epic: Setup and DevOps,,High,,,,To Do,3
EXP-2,Task,"Create GitHub repo, branch protection, PR template","main and develop protected: PR + green CI. Solo exception: 0 required approvals, every PR gets a self-review checklist comment.",EXP-1,Highest,1,Sprint 1,hat:devops-db,To Do,12
EXP-3,Task,"Create GitHub Project board, milestones and labels","Board columns To Do, In Progress, In Review, Done; one milestone per sprint; labels for type, priority and hat.",EXP-1,Highest,1,Sprint 1,hat:pm-qa,To Do,13
EXP-4,Task,Run the full stack locally and verify the baseline,"docker compose -f docker-compose.yml -f docker-compose.dev.yml up --build; seed_demo; pytest, Newman, Cypress.",EXP-1,Highest,2,Sprint 1,hat:devops-db,Done,14
EXP-5,Story,"CI pipeline green (lint, tests, build)",.github/workflows/ci.yml,EXP-1,Highest,3,Sprint 1,hat:devops-db,To Do,15
EXP-6,Story,"Provision VPS, DNS, HTTPS with Caddy",DigitalOcean droplet via GitHub Student Pack; A record for the domain; Caddy gets a Let's Encrypt certificate.,EXP-1,High,3,Sprint 1,hat:devops-db,To Do,16
EXP-7,Story,Deploy pipeline to production (main),".github/workflows/deploy.yml builds images to GHCR and deploys main over SSH. The ephemeral Docker stack in CI is the test and staging environment. Secrets VPS_HOST, VPS_USER, VPS_SSH_KEY, DOMAIN in the production environment.",EXP-1,High,3,Sprint 2,hat:devops-db,To Do,17
EXP-8,Story,Prometheus + Grafana dashboard,"infra/prometheus, infra/grafana",EXP-1,Medium,2,Sprint 5,hat:devops-db,Done,18
EXP-9,Task,Nightly backups for Postgres and Mongo,"cron pg_dump + mongodump, keep 7; restore tested.",EXP-1,Medium,2,Sprint 5,hat:devops-db,To Do,19
EXP-10,Epic,Analysis and design,Epic: Analysis and design,,High,,,,To Do,4
EXP-11,Task,Stakeholder questionnaire (10-20 responses),docs/questionnaire.md; summarise results in SRS.,EXP-10,High,2,Sprint 1,hat:pm-qa,To Do,20
EXP-12,Story,SRS v1: functional and non-functional requirements,docs/srs.md,EXP-10,Highest,5,Sprint 1,hat:pm-qa,To Do,21
EXP-13,Task,Feasibility analysis and project framework,Phase I deliverable.,EXP-10,High,2,Sprint 1,hat:pm-qa,To Do,22
EXP-14,Story,Figma prototypes for 8 key screens,"Login, dashboard, expense list, form, detail, approvals, reports, admin users.",EXP-10,High,5,Sprint 2,hat:frontend,To Do,23
EXP-15,Task,ERD and UML class diagram,"docs/diagrams/erd.puml, class.puml",EXP-10,High,2,Sprint 2,hat:devops-db,Done,24
EXP-16,Task,"Component, deployment, state, sequence, DFD, use case diagrams",docs/diagrams/*.puml,EXP-10,High,3,Sprint 2,hat:pm-qa,Done,25
EXP-17,Task,OpenAPI review and API conventions,docs/api/openapi.yml generated by drf-spectacular.,EXP-10,Medium,2,Sprint 2,hat:backend-auth,Done,26
EXP-18,Task,"NoSQL design: collections, denormalization, sharding, consistency",Design doc section 5.,EXP-10,Medium,2,Sprint 2,hat:backend-business,Done,27
EXP-19,Epic,Authentication (accounts),Epic: Authentication (accounts),,High,,,,Done,5
EXP-20,Story,Register with email activation,"POST /auth/register/, /auth/activate/",EXP-19,Highest,3,Sprint 3,hat:backend-auth,Done,28
EXP-21,Story,Login with access token + refresh cookie,"15 min access, 7 day refresh, httpOnly SameSite=Strict",EXP-19,Highest,3,Sprint 3,hat:backend-auth,Done,29
EXP-22,Story,"Refresh rotation and blacklist, logout",Reuse of an old refresh token returns 401.,EXP-19,Highest,3,Sprint 3,hat:backend-auth,Done,30
EXP-23,Story,Forgot and reset password,No user enumeration.,EXP-19,High,2,Sprint 3,hat:backend-auth,Done,31
EXP-24,Story,"Change password, sign out everywhere",,EXP-19,Medium,2,Sprint 3,hat:backend-auth,Done,32
EXP-25,Story,Throttling and account lockout,DRF ScopedRateThrottle 5/min + django-axes 5 failures.,EXP-19,High,2,Sprint 3,hat:backend-auth,Done,33
EXP-26,Story,Security test suite,"SQLi, XSS, CSRF reasoning, brute force, authZ.",EXP-19,High,3,Sprint 6,hat:backend-auth,Done,34
EXP-27,Epic,User management (users),Epic: User management (users),,High,,,,Done,6
EXP-28,Story,Admin: users CRUD with search and filters,/users/; delete = deactivate,EXP-27,High,3,Sprint 3,hat:backend-auth,Done,35
EXP-29,Story,Admin: departments CRUD with manager,/departments/,EXP-27,High,2,Sprint 3,hat:backend-business,Done,36
EXP-30,Story,Admin: projects CRUD and members (N:N),"/projects/, PUT /projects/{id}/members/",EXP-27,High,3,Sprint 3,hat:backend-business,Done,37
EXP-31,Story,Audit trail in MongoDB for critical actions,core.audit.record; /audit-logs/,EXP-27,High,3,Sprint 4,hat:backend-auth,Done,38
EXP-32,Epic,Expenses (business operations),Epic: Expenses (business operations),,High,,,,To Do,7
EXP-33,Story,Expense hierarchy and polymorphic policies,"Travel, Meal, Equipment; unit tests for policies.",EXP-32,Highest,5,Sprint 4,hat:backend-business,Done,39
EXP-34,Story,Expense CRUD for drafts with validation,,EXP-32,Highest,3,Sprint 4,hat:backend-business,Done,40
EXP-35,Story,"Workflow: submit, approve, reject, reopen",State machine on the model; HATEOAS _links.,EXP-32,Highest,5,Sprint 4,hat:backend-business,Done,41
EXP-36,Story,"DB logic: constraints, budget trigger, reimburse procedure","Migrations users/0002, expenses/0003.",EXP-32,Highest,3,Sprint 2,hat:devops-db,Done,42
EXP-37,Story,"Pagination, filters and full-text search (extra feature 5)",django-filter + GIN index.,EXP-32,High,3,Sprint 4,hat:backend-business,Done,43
EXP-38,Story,Import CSV/JSON with per-row errors (extra feature 10),/expenses/import/,EXP-32,High,3,Sprint 5,hat:backend-business,Done,44
EXP-39,Task,Demo seed command,python manage.py seed_demo --reset,EXP-32,Medium,2,Sprint 4,hat:backend-business,Done,45
EXP-40,Epic,Reporting,Epic: Reporting,,High,,,,Done,8
EXP-41,Story,Role-scoped dashboard with Redis cache,/reports/dashboard/,EXP-40,High,3,Sprint 5,hat:backend-business,Done,46
EXP-42,Story,Dynamic report builder (extra feature 11),/reports/run/ with whitelisted group_by.,EXP-40,Highest,5,Sprint 5,hat:backend-business,Done,47
EXP-43,Story,Saved report snapshots in MongoDB,Embedded criteria and rows.,EXP-40,High,3,Sprint 5,hat:backend-business,Done,48
EXP-44,Story,"Export CSV, XLSX, JSON (extra feature 10)",/reports/{id}/export/,EXP-40,High,3,Sprint 5,hat:backend-business,Done,49
EXP-45,Epic,Frontend,Epic: Frontend,,High,,,,To Do,9
EXP-46,Story,"App shell: layout, theme, role menus, guards",Responsive drawer under 900 px.,EXP-45,Highest,3,Sprint 3,hat:frontend,Done,50
EXP-47,Story,"Auth pages: login, register, activate, forgot, reset",,EXP-45,Highest,3,Sprint 3,hat:frontend,Done,51
EXP-48,Story,Axios refresh interceptor and Redux auth slice,Access token only in memory.,EXP-45,Highest,3,Sprint 3,hat:frontend,Done,52
EXP-49,Story,"Expense list with server paging, filters, search",,EXP-45,High,3,Sprint 4,hat:frontend,Done,53
EXP-50,Story,Expense form with dynamic fields and validation,yup schema mirrors policies.py,EXP-45,Highest,5,Sprint 4,hat:frontend,Done,54
EXP-51,Story,Expense detail with actions from _links,,EXP-45,High,3,Sprint 4,hat:frontend,Done,55
EXP-52,Story,Approvals queue,,EXP-45,High,2,Sprint 4,hat:frontend,Done,56
EXP-53,Story,Dashboard and report builder pages,Recharts,EXP-45,High,5,Sprint 5,hat:frontend,Done,57
EXP-54,Story,"Admin pages: users, departments, projects, audit",,EXP-45,Medium,5,Sprint 5,hat:frontend,Done,58
EXP-55,Story,Profile and change password,,EXP-45,Low,2,Sprint 5,hat:frontend,Done,59
EXP-56,Story,Storybook for 4 components,"SHOULD: StatusChip, MoneyField, ConfirmDialog, ExpenseForm",EXP-45,Low,2,Sprint 6,hat:frontend,To Do,60
EXP-57,Epic,QA and testing,Epic: QA and testing,,High,,,,To Do,10
EXP-58,Task,Coverage gate 80% in CI,"pytest --cov, fail_under=80",EXP-57,High,1,Sprint 4,hat:pm-qa,Done,61
EXP-59,Story,Postman collection + Newman in CI,tests/postman,EXP-57,High,3,Sprint 4,hat:pm-qa,Done,62
EXP-60,Story,"Cypress: register/login, submit, approve, report",frontend/cypress/e2e,EXP-57,High,5,Sprint 5,hat:pm-qa,To Do,63
EXP-61,Story,Load test 1000 users with Locust (cache on/off),tests/locust,EXP-57,High,3,Sprint 6,hat:backend-business,To Do,64
EXP-62,Task,OWASP ZAP baseline scan on the Docker test stack,docker run zaproxy/zap-stable zap-baseline.py against the local CI-mode stack (the staging environment); fix high findings.,EXP-57,Medium,1,Sprint 6,hat:backend-auth,To Do,65
EXP-63,Task,Test report chapter,docs/test-plan.md + results,EXP-57,High,3,Sprint 6,hat:pm-qa,To Do,66
EXP-64,Epic,Documentation and delivery,Epic: Documentation and delivery,,High,,,,To Do,11
EXP-65,Task,User manual per role,docs/user-manual.md,EXP-64,High,3,Sprint 6,hat:pm-qa,To Do,67
EXP-66,Task,Technical documentation and module READMEs,,EXP-64,High,3,Sprint 6,hat:pm-qa,To Do,68
EXP-67,Task,Deployment and maintenance documentation,"docs/deployment.md, docs/maintenance.md",EXP-64,High,2,Sprint 6,hat:devops-db,To Do,69
EXP-68,Task,Parafinal presentation and live demo rehearsal,Demo script in design doc section 14.,EXP-64,Highest,3,Sprint 6,hat:pm-qa,To Do,70
EXP-69,Task,"Final report, demo video, self-evaluation form",,EXP-64,Highest,5,Sprint 7,hat:pm-qa,To Do,71
EXP-70,Bug,docker compose --build fails: api and worker build the same image,"Parallel builds of one tag fail with ""image already exists"". Fixed in PR #1.",EXP-1,High,1,Sprint 6,hat:devops-db,In Review,72
EXP-71,Bug,Gateway sends the SPA /admin/* pages to Django admin,/admin/users and /admin/audit break on reload. Django admin moves to /django-admin/. Fixed in PR #1.,EXP-45,High,1,Sprint 6,hat:frontend,In Review,73
EXP-72,Bug,Cypress specs fail on the Docker stack,Email read before Celery sends it; cy.session restores a rotated refresh cookie; download check reads a folder. Fixed in PR #1.,EXP-57,High,2,Sprint 6,hat:pm-qa,In Review,74
EXP-73,Story,Centralised logging with Loki and Promtail,Faza III section 4. Promtail ships container logs to Loki; Grafana datasource and errors panel. PR #2.,EXP-1,High,2,Sprint 6,hat:devops-db,In Review,75
EXP-74,Story,Run backend tests against real MongoDB and Redis in CI,Faza III 3.2. Mongo and Redis service containers; real_services integration tests. Newman and Cypress on the Docker stack cover the Docker-based test environment.,EXP-57,High,2,Sprint 6,hat:pm-qa,In Progress,76
EXP-75,Task,Demo import file with one policy-breaking row,docs/demo/demo-import.csv: 4 valid rows and 1 row that breaks policy; used in demo step 4.,EXP-32,Medium,1,Sprint 6,hat:backend-business,To Do,77
EXP-76,Bug,Rapid double reload can sign the user out,A refresh aborted after the server rotated the token leaves a blacklisted cookie. Share the in-flight refresh across tabs and skip a second refresh within 2 s.,EXP-19,Medium,2,Sprint 6,hat:frontend,To Do,78
EXP-77,Task,Move project tracking from Jira to GitHub Issues and Projects,"Backlog imported as issues, sprints as milestones; docs, README and PR template updated.",EXP-64,High,1,Sprint 6,hat:pm-qa,In Progress,79
EXP-78,Task,Defense study guide and model answers,"Per module guide plus likely questions, including microservices, Kubernetes, Kafka, gRPC and Eureka as documented future work.",EXP-64,High,3,Sprint 6,hat:pm-qa,To Do,80
