Issue Id,Issue Type,Summary,Description,Parent Id,Priority,Story Points,Sprint,Labels,Labels
1,Epic,Setup and DevOps,Epic: Setup and DevOps,,High,,,epic,
2,Task,"Create GitHub org, repo, branch protection, PR template",main and develop protected: PR + 1 review + green CI.,1,Highest,1,ExpenseFlow Sprint 1,sprint-1,owner-M5
3,Task,"Create Jira Scrum board, epics, sprints; Teams channel",Import this CSV; create sprints 1-7 with dates.,1,Highest,1,ExpenseFlow Sprint 1,sprint-1,owner-M1
4,Task,Run starter repo locally on all 5 laptops,docker compose -f docker-compose.yml -f docker-compose.dev.yml up --build; seed_demo.,1,Highest,2,ExpenseFlow Sprint 1,sprint-1,owner-M5
5,Story,"CI pipeline green (lint, tests, build)",.github/workflows/ci.yml,1,Highest,3,ExpenseFlow Sprint 1,sprint-1,owner-M5
6,Story,"Provision VPS, DNS, HTTPS with Caddy",DigitalOcean droplet via GitHub Student Pack; A records for domain and staging.,1,High,3,ExpenseFlow Sprint 1,sprint-1,owner-M5
7,Story,Deploy pipeline to staging and production,".github/workflows/deploy.yml; secrets VPS_HOST, VPS_USER, VPS_SSH_KEY, DOMAIN.",1,High,3,ExpenseFlow Sprint 2,sprint-2,owner-M5
8,Story,Prometheus + Grafana dashboard,"infra/prometheus, infra/grafana",1,Medium,2,ExpenseFlow Sprint 5,sprint-5,owner-M5
9,Task,Nightly backups for Postgres and Mongo,"cron pg_dump + mongodump, keep 7; restore tested.",1,Medium,2,ExpenseFlow Sprint 5,sprint-5,owner-M5
10,Epic,Analysis and design,Epic: Analysis and design,,High,,,epic,
11,Task,Stakeholder questionnaire (10-20 responses),docs/questionnaire.md; summarise results in SRS.,10,High,2,ExpenseFlow Sprint 1,sprint-1,owner-M1
12,Story,SRS v1: functional and non-functional requirements,docs/srs.md,10,Highest,5,ExpenseFlow Sprint 1,sprint-1,owner-M1
13,Task,Feasibility analysis and project framework,Phase I deliverable.,10,High,2,ExpenseFlow Sprint 1,sprint-1,owner-M1
14,Story,Figma prototypes for 8 key screens,"Login, dashboard, expense list, form, detail, approvals, reports, admin users.",10,High,5,ExpenseFlow Sprint 2,sprint-2,owner-M4
15,Task,ERD and UML class diagram,"docs/diagrams/erd.puml, class.puml",10,High,2,ExpenseFlow Sprint 2,sprint-2,owner-M5
16,Task,"Component, deployment, state, sequence, DFD, use case diagrams",docs/diagrams/*.puml,10,High,3,ExpenseFlow Sprint 2,sprint-2,owner-M1
17,Task,OpenAPI review and API conventions,docs/api/openapi.yml generated by drf-spectacular.,10,Medium,2,ExpenseFlow Sprint 2,sprint-2,owner-M2
18,Task,"NoSQL design: collections, denormalization, sharding, consistency",Design doc section 5.,10,Medium,2,ExpenseFlow Sprint 2,sprint-2,owner-M3
19,Epic,Authentication (accounts),Epic: Authentication (accounts),,High,,,epic,
20,Story,Register with email activation,"POST /auth/register/, /auth/activate/",19,Highest,3,ExpenseFlow Sprint 3,sprint-3,owner-M2
21,Story,Login with access token + refresh cookie,"15 min access, 7 day refresh, httpOnly SameSite=Strict",19,Highest,3,ExpenseFlow Sprint 3,sprint-3,owner-M2
22,Story,"Refresh rotation and blacklist, logout",Reuse of an old refresh token returns 401.,19,Highest,3,ExpenseFlow Sprint 3,sprint-3,owner-M2
23,Story,Forgot and reset password,No user enumeration.,19,High,2,ExpenseFlow Sprint 3,sprint-3,owner-M2
24,Story,"Change password, sign out everywhere",,19,Medium,2,ExpenseFlow Sprint 3,sprint-3,owner-M2
25,Story,Throttling and account lockout,DRF ScopedRateThrottle 5/min + django-axes 5 failures.,19,High,2,ExpenseFlow Sprint 3,sprint-3,owner-M2
26,Story,Security test suite,"SQLi, XSS, CSRF reasoning, brute force, authZ.",19,High,3,ExpenseFlow Sprint 6,sprint-6,owner-M2
27,Epic,User management (users),Epic: User management (users),,High,,,epic,
28,Story,Admin: users CRUD with search and filters,/users/; delete = deactivate,27,High,3,ExpenseFlow Sprint 3,sprint-3,owner-M2
29,Story,Admin: departments CRUD with manager,/departments/,27,High,2,ExpenseFlow Sprint 3,sprint-3,owner-M3
30,Story,Admin: projects CRUD and members (N:N),"/projects/, PUT /projects/{id}/members/",27,High,3,ExpenseFlow Sprint 3,sprint-3,owner-M3
31,Story,Audit trail in MongoDB for critical actions,core.audit.record; /audit-logs/,27,High,3,ExpenseFlow Sprint 4,sprint-4,owner-M2
32,Epic,Expenses (business operations),Epic: Expenses (business operations),,High,,,epic,
33,Story,Expense hierarchy and polymorphic policies,"Travel, Meal, Equipment; unit tests for policies.",32,Highest,5,ExpenseFlow Sprint 4,sprint-4,owner-M3
34,Story,Expense CRUD for drafts with validation,,32,Highest,3,ExpenseFlow Sprint 4,sprint-4,owner-M3
35,Story,"Workflow: submit, approve, reject, reopen",State machine on the model; HATEOAS _links.,32,Highest,5,ExpenseFlow Sprint 4,sprint-4,owner-M3
36,Story,"DB logic: constraints, budget trigger, reimburse procedure","Migrations users/0002, expenses/0003.",32,Highest,3,ExpenseFlow Sprint 2,sprint-2,owner-M5
37,Story,"Pagination, filters and full-text search (extra feature 5)",django-filter + GIN index.,32,High,3,ExpenseFlow Sprint 4,sprint-4,owner-M3
38,Story,Import CSV/JSON with per-row errors (extra feature 10),/expenses/import/,32,High,3,ExpenseFlow Sprint 5,sprint-5,owner-M3
39,Task,Demo seed command,python manage.py seed_demo --reset,32,Medium,2,ExpenseFlow Sprint 4,sprint-4,owner-M3
40,Epic,Reporting,Epic: Reporting,,High,,,epic,
41,Story,Role-scoped dashboard with Redis cache,/reports/dashboard/,40,High,3,ExpenseFlow Sprint 5,sprint-5,owner-M3
42,Story,Dynamic report builder (extra feature 11),/reports/run/ with whitelisted group_by.,40,Highest,5,ExpenseFlow Sprint 5,sprint-5,owner-M3
43,Story,Saved report snapshots in MongoDB,Embedded criteria and rows.,40,High,3,ExpenseFlow Sprint 5,sprint-5,owner-M3
44,Story,"Export CSV, XLSX, JSON (extra feature 10)",/reports/{id}/export/,40,High,3,ExpenseFlow Sprint 5,sprint-5,owner-M3
45,Epic,Frontend,Epic: Frontend,,High,,,epic,
46,Story,"App shell: layout, theme, role menus, guards",Responsive drawer under 900 px.,45,Highest,3,ExpenseFlow Sprint 3,sprint-3,owner-M4
47,Story,"Auth pages: login, register, activate, forgot, reset",,45,Highest,3,ExpenseFlow Sprint 3,sprint-3,owner-M4
48,Story,Axios refresh interceptor and Redux auth slice,Access token only in memory.,45,Highest,3,ExpenseFlow Sprint 3,sprint-3,owner-M4
49,Story,"Expense list with server paging, filters, search",,45,High,3,ExpenseFlow Sprint 4,sprint-4,owner-M4
50,Story,Expense form with dynamic fields and validation,yup schema mirrors policies.py,45,Highest,5,ExpenseFlow Sprint 4,sprint-4,owner-M4
51,Story,Expense detail with actions from _links,,45,High,3,ExpenseFlow Sprint 4,sprint-4,owner-M4
52,Story,Approvals queue,,45,High,2,ExpenseFlow Sprint 4,sprint-4,owner-M4
53,Story,Dashboard and report builder pages,Recharts,45,High,5,ExpenseFlow Sprint 5,sprint-5,owner-M4
54,Story,"Admin pages: users, departments, projects, audit",,45,Medium,5,ExpenseFlow Sprint 5,sprint-5,owner-M4
55,Story,Profile and change password,,45,Low,2,ExpenseFlow Sprint 5,sprint-5,owner-M4
56,Story,Storybook for 4 components,"SHOULD: StatusChip, MoneyField, ConfirmDialog, ExpenseForm",45,Low,2,ExpenseFlow Sprint 6,sprint-6,owner-M4
57,Epic,QA and testing,Epic: QA and testing,,High,,,epic,
58,Task,Coverage gate 80% in CI,"pytest --cov, fail_under=80",57,High,1,ExpenseFlow Sprint 4,sprint-4,owner-M1
59,Story,Postman collection + Newman in CI,tests/postman,57,High,3,ExpenseFlow Sprint 4,sprint-4,owner-M1
60,Story,"Cypress: register/login, submit, approve, report",frontend/cypress/e2e,57,High,5,ExpenseFlow Sprint 5,sprint-5,owner-M1
61,Story,Load test 1000 users with Locust (cache on/off),tests/locust,57,High,3,ExpenseFlow Sprint 6,sprint-6,owner-M3
62,Task,OWASP ZAP baseline scan on staging,docker run zaproxy/zap-stable zap-baseline.py -t https://staging.<domain>,57,Medium,1,ExpenseFlow Sprint 6,sprint-6,owner-M2
63,Task,Test report chapter,docs/test-plan.md + results,57,High,3,ExpenseFlow Sprint 6,sprint-6,owner-M1
64,Epic,Documentation and delivery,Epic: Documentation and delivery,,High,,,epic,
65,Task,User manual per role,docs/user-manual.md,64,High,3,ExpenseFlow Sprint 6,sprint-6,owner-M1
66,Task,Technical documentation and module READMEs,,64,High,3,ExpenseFlow Sprint 6,sprint-6,owner-M1
67,Task,Deployment and maintenance documentation,"docs/deployment.md, docs/maintenance.md",64,High,2,ExpenseFlow Sprint 6,sprint-6,owner-M5
68,Task,Parafinal presentation and live demo rehearsal,Demo script in design doc section 14.,64,Highest,3,ExpenseFlow Sprint 6,sprint-6,owner-M1
69,Task,"Final report, demo video, self-evaluation form",,64,Highest,5,ExpenseFlow Sprint 7,sprint-7,owner-M1
